id,chapter,title,organization,date,url,type,claim_supported,caveat
S01,"1;6;7;8;17","U.S. Department of the Treasury Report: Homeowners Insurance Costs Rising, Availability Declining as Climate-Related Events Take Their Toll","U.S. Department of the Treasury / Federal Insurance Office","2025-01-16","https://home.treasury.gov/news/press-releases/jy2791","government","Nationwide homeowners-insurance analysis covering more than 246 million policy-years; higher costs and reduced availability in higher-risk areas.","Data cover 2018-2022 and are aggregated to ZIP Code level; not a 2026 market snapshot."
S02,"1;6;17","Report on the Economic Well-Being of U.S. Households in 2025 — Housing","Federal Reserve Board","2026-05-19","https://www.federalreserve.gov/publications/2026-economic-well-being-of-us-households-in-2025-housing.htm","government survey","Six percent of homeowners reported no homeowners insurance; affordability and lack of insurer availability were reported reasons.","Self-reported survey data; does not establish causation for any individual market."
S03,"1;7;8;9;19","Key Statistics & Data","California FAIR Plan","2026-06","https://www.cfpnet.com/key-statistics-data/","residual-market data","As of June 2026 the FAIR Plan reported $768 billion of exposure and 696,562 dwelling and commercial policies in force.","Exposure is insured value, not probable catastrophe loss; FAIR Plan is an interested market participant."
S04,"7;10;11;18;20;21","Global natural catastrophe losses in 2025","Swiss Re Institute","2026","https://www.swissre.com/institute/research/sigma-research/sigma-2026-01-natcat-2025-wildfire-storm-risk/global-natcat-losses-2025.html","industry research","Swiss Re estimated $107 billion of global insured natural-catastrophe losses in 2025, including about $40 billion from Los Angeles wildfires and more than $50 billion from severe convective storms.","Industry loss estimates can be revised; event attribution and insured-loss estimates are not forecasts of future years."
S05,"8;17;20","Sustainable Insurance Strategy","California Department of Insurance","2026","https://www.insurance.ca.gov/01-consumers/180-climate-change/Sustainable-Insurance-Strategy.cfm","state regulator","California links forward-looking catastrophe models and recognition of reinsurance costs to enforceable commitments to write more policies in wildfire-distressed areas.","California-specific regulatory structure; the Department is describing its own reform program."
S06,"8;9","2026 Operating Budget","Citizens Property Insurance Corporation","2025-12","https://www.citizensfla.com/documents/20702/39142684/20251210%2B09B%2B2026%2BBudget%2BBook-FINAL.pdf/8b572df0-2dc6-ca09-6f3d-46c3d6a6ba33?t=1764102684217","residual-market budget","Citizens described major 2025 depopulation and projected a sharp reduction in policies in force as private-market capacity improved.","Citizens is an interested residual-market institution; projected counts can differ from realized counts."
S07,"9;17;19","High-Risk Series: National Flood Insurance Program","U.S. Government Accountability Office","2025","https://files.gao.gov/reports/GAO-25-107743/index.html","government audit","As of February 2025 FEMA owed Treasury $22.5 billion for NFIP even after $16 billion of debt cancellation in 2017; GAO calls for comprehensive reform.","GAO analysis concerns federal fiscal exposure, not a claim that every NFIP policy is underpriced."
S08,"9;17","Flood Insurance: FEMA's New Rate-Setting Methodology Improves Actuarial Soundness but Highlights Need for Broader Program Reform","U.S. Government Accountability Office","2023","https://www.gao.gov/products/gao-23-105977","government audit","Risk Rating 2.0 more closely aligns premiums with property-level flood risk while affordability and broader program design remain unresolved.","Predates later NFIP changes; use for design logic rather than current premium levels."
S09,"9;20","National Flood Insurance Program — community and floodplain management guidance","Federal Emergency Management Agency","current program guidance","https://www.fema.gov/pdf/floodplain/fema301.pdf","government guidance","NFIP participation ties access to flood insurance to community floodplain-management responsibilities and mitigation requirements.","Program details can change; this guidance should not substitute for current local ordinances."
S10,"9;19","Terrorism Risk Insurance Program","U.S. Department of the Treasury","current through 2026","https://home.treasury.gov/policy-issues/financial-markets-financial-institutions-and-fiscal-service/federal-insurance-office/terrorism-risk-insurance-program","government program","TRIA created a shared public-private compensation framework for certified terrorism losses and is authorized through 2027.","Terrorism backstop design is not automatically transferable to cyber, pandemic, climate or AI."
S11,"19;21","TRIP Reports and Resources","U.S. Department of the Treasury","2026","https://home.treasury.gov/policy-issues/financial-markets-financial-institutions-and-fiscal-service/federal-insurance-office/terrorism-risk-insurance-program/trip-reports-and-resources","government program research","Treasury continues to assess effectiveness and market participation under TRIP, including a June 2026 effectiveness report.","Program evidence concerns terrorism insurance; broader backstop analogies are the author's."
S12,"5;19;21","Pandemic Risk: Federal Insurance Approaches Would Entail Costs to Taxpayers and Businesses Might Not Participate","U.S. Government Accountability Office","2023-12-19","https://www.gao.gov/products/gao-24-106075","government audit","GAO found private insurance played a limited role in pandemic business losses and modeled federal approaches in which government would assume most or all of the risk.","Pandemic correlation differs from cyber, AI and natural catastrophe correlation."
S13,"13;21","Insurance Topics: Artificial Intelligence","National Association of Insurance Commissioners","current through 2026","https://content.naic.org/insurance-topics/artificial-intelligence","regulatory coordination","NAIC documents state-regulatory work on insurer use of AI, including the 2023 Model Bulletin and third-party model oversight.","NAIC materials coordinate state regulation but are not themselves uniform binding law in every state."
S14,"13","NAIC Members Approve Model Bulletin on Use of AI by Insurers","National Association of Insurance Commissioners","2023-12-04","https://content.naic.org/article/naic-members-approve-model-bulletin-use-ai-insurers","regulatory coordination","The Model Bulletin sets governance, risk-management, testing and documentation expectations and reminds insurers that AI-supported decisions remain subject to existing insurance law.","A bulletin is not a model law or regulation and adoption varies by state."
S15,"12;13;14;21","Financial Stability Report — December 2025","European Insurance and Occupational Pensions Authority","2025-12","https://www.eiopa.europa.eu/document/download/22954698-5042-473a-bd8f-431e6c6d6191_en?filename=EIOPA+Financial+Stability+Report+December+2025.pdf","prudential regulator research","EIOPA identifies potential AI-related channels including common-model correlated behaviour, third-party dependencies, granular-segmentation demutualisation pressures and emerging AI-risk insurance markets.","European prudential analysis; scenarios and channels are not claims that systemic failure has already occurred."
S16,"12;13;21","Insurance Risk Dashboard","European Insurance and Occupational Pensions Authority","2026-07","https://www.eiopa.europa.eu/tools-and-data/insurance-risk-dashboard_en","prudential regulator dashboard","July 2026 dashboard raised digitalisation and cyber risk to high, citing frontier AI, geopolitics and elevated cyber underwriting exposure.","Dashboard is an assessment framework, not a prediction of insured loss."
S17,"10;11;18;21","ILS market insights: February 2026","Swiss Re","2026-02-23","https://www.swissre.com/our-business/alternative-capital-partners/ils-market-insights-february-2026.html","industry market data","Swiss Re reported record 2025 ILS issuance of $24.7 billion and outstanding notional near $60 billion.","Issuer/intermediary market source; figures describe notional issuance, not expected catastrophe loss."
S18,"11;21","ILS market insights: July 2026","Swiss Re","2026-07-23","https://www.swissre.com/our-business/alternative-capital-partners/ils-market-insights-july-2026.html","industry market data","Catastrophe-bond issuance exceeded $17 billion across 64 transactions in the first half of 2026, the strongest first half on record according to Swiss Re.","Market data from an active participant; issuance volume does not by itself prove cheaper protection."
S19,"16;19","PBGC releases FY 2025 Annual Report","Pension Benefit Guaranty Corporation","2026-01-27","https://www.pbgc.gov/news/press/pr26-002","government insurer","PBGC reported a fifth consecutive year in which both single-employer and multiemployer insurance programs had positive net financial positions.","Positive net position does not remove long-term policy, demographic or sponsor risks."
S20,"15","Private Health Insurance: Market Concentration Generally Increased from 2011 through 2022","U.S. Government Accountability Office","2024-11-14","https://www.gao.gov/products/gao-25-107194","government audit","GAO found three or fewer insurers held at least 80% of individual and employer-group market enrollment in at least 35 states.","Enrollment concentration is not by itself proof of anticompetitive conduct or the sole cause of premiums."
S21,"15;16","Insurance Topics: Long-Term Care Insurance","National Association of Insurance Commissioners","current through 2026","https://content.naic.org/insurance-topics/long-term-care-insurance","regulatory coordination","NAIC explains that older LTC blocks were often priced with immature experience; claim incidence/duration were understated and lapse rates lower than assumed, contributing to later rate increases.","General market history; individual policy blocks differ."
S22,"3","History — Coffee and Commerce","Lloyd's","current history page","https://www.lloyds.com/about-lloyds/history/coffee-and-commerce","institutional history","Lloyd's documents the late-seventeenth-century coffeehouse's role as a center of shipping information and marine underwriting and the later subscription market.","Lloyd's own institutional history; marine insurance predates Lloyd's and developed in multiple commercial centers."
S23,"3;20","FM History — From 1835 Innovation to Global Resilience Leadership","FM","current history page","https://www.fm.com/About-Us/our-history","institutional history","FM traces the Factory Mutual tradition to Zachariah Allen's loss-prevention approach and the use of engineering and inspections to reduce property loss.","FM's account of its own lineage; use for institutional history, not neutral comparative evidence."
S24,"2;4;13;17","Actuarial Standard of Practice No. 12: Risk Classification","Actuarial Standards Board","2005 revision","https://www.actuarialstandardsboard.org/asops/risk-classification-practice-areas/","professional standard","ASOP 12 defines risk classification, adverse selection, credibility and the balance between homogeneity and practical/credible classes.","Professional guidance, not a social-policy rule about which classifications should be legal or fair."
S25,"18;19;20","Disaster Risk Financing and Insurance Program","World Bank","current program","https://www.worldbank.org/en/programs/disaster-risk-financing-and-insurance-program","multilateral program","World Bank describes sovereign disaster-risk finance as a way to increase post-disaster funding capacity without compromising fiscal balance and development objectives.","Program description and policy framework; outcomes depend on country design and implementation."
S26,"18;20","Protection Gaps in Insurance for Natural Hazards and Retirement Savings in Asia","OECD","2025","https://www.oecd.org/content/dam/oecd/en/publications/reports/2025/07/protection-gaps-in-insurance-for-natural-hazards-and-retirement-savings-in-asia_053a754c/294f044e-en.pdf","multilateral research","OECD describes parametric coverage, faster payout potential and basis-risk tradeoffs in natural-hazard protection gaps.","Asia-focused report; examples do not imply identical market structure elsewhere."
S27,"7;17;20","The California Public Wildfire Model","California Department of Insurance","2026","https://www.insurance.ca.gov/01-consumers/180-climate-change/public-wildfire-model.cfm","state regulator","California is developing a public wildfire catastrophe model intended to support insurance, mitigation, planning and public understanding of wildfire loss.","Model is under development in 2026; it is not yet a validated operational pricing model."
S28,"7;8;20","Reform made real — forward-looking wildfire catastrophe model review","California Department of Insurance","2025-07-24","https://www.insurance.ca.gov/0400-news/0100-press-releases/2025/release052-2025.cfm","state regulator","California completed review of a forward-looking wildfire catastrophe model and tied model/reinsurance use to commitments to expand writing in distressed areas.","Department announcement describes intended regulatory effects; realized market outcomes require later evaluation."
S29,"1;7","Reports & Notices — Federal Insurance Office","U.S. Department of the Treasury","current through 2026","https://home.treasury.gov/policy-issues/financial-markets-financial-institutions-and-fiscal-service/federal-insurance-office/reports-notices","government index","Provides the underlying FIO homeowners-insurance analyses and other federal insurance research used for market context.","Index page; claims should be traced to the linked underlying reports where material."
S30,"7;10","Climate change presses on: Devastating wildfires and intense thunderstorms exacerbate losses for insurers","Munich Re","2026-01-13","https://www.munichre.com/en/company/media-relations/media-information-and-corporate-news/media-information/2026/natural-disaster-figures-2025.html","industry catastrophe data","Munich Re reported that no hurricane struck the U.S. mainland in 2025 while wildfire, severe thunderstorms and floods still drove major losses; its insured-loss total was about $107 billion.","Industry loss estimates and peril classifications can differ from other catastrophe datasets; use as a second industry view rather than independent proof of attribution."
S31,"7","Lower losses, growing risks: the natural disaster review for the first half of 2026","Munich Re","2026-07-30","https://www.munichre.com/en/company/media-relations/media-information-and-corporate-news/media-information/2026/natural-disaster-figures-first-half-2026.html","industry catastrophe data","Munich Re reported lower first-half 2026 natural-disaster losses than recent five-year averages while emphasizing that climate change and growing exposure continued to increase future loss risk.","Half-year figures are preliminary and a quiet period is not evidence of a lower long-run loss distribution."
S32,"12","Business Blackout","Lloyd's","2015-07-06","https://www.lloyds.com/scenariodesign","industry scenario research","Lloyd's modeled a severe but plausible cyber attack on the U.S. power grid in which insurance claims arose across more than 30 lines, illustrating cross-line accumulation.","Scenario results are hypothetical stress-test outputs, not realized losses or forecasts; use only for accumulation logic."
S33,"21","Insuring AI: data centre value accumulation risks","Swiss Re Institute","2026-03-27","https://www.swissre.com/institute/research/sigma-research/sigma-insights-07-2026-insuring-ai-data-centre-risks.html","industry research","Swiss Re describes AI data-centre projects with construction costs up to about $20 billion, dense physical and operational dependencies, and concentration across insureds and insurance lines.","Forward-looking sector analysis with limited loss history for next-generation facilities; project costs and capacity forecasts can change."
S34,"18;20","Natural catastrophes: the USD 424bn protection gap and adaptation to counter growing exposure","Swiss Re Institute","2026","https://www.swissre.com/institute/research/topics-and-risk-dialogues/climate-and-natural-catastrophe-risk/growing-exposure/Natcat-protection-gap.html","industry research","Swiss Re estimates a 2025 modeled natural-catastrophe protection gap of $424 billion and reports a median projected benefit-cost ratio of 1.86 across reviewed adaptation projects.","Protection-gap and benefit-cost figures are model- and project-set dependent; projected BCRs should not be treated as guaranteed realized returns."
